avg_T51,avg_T106,avg_T107,avg_T227,avg_T108,size,coordx,coordy,Label_id,batch_label,batch_label_color
2.9979472160339355,2.7625808715820312,2.2546167373657227,2.8333635330200195,2.880136728286743,39.0,57.870330810546875,-3.2379825115203857,0,3,#1f77b4
3.98030686378479,2.9171946048736572,2.8877522945404053,2.8882017135620117,2.8381690979003906,60.0,49.25959396362305,32.997554779052734,1,3,#1f77b4
2.4022910594940186,2.083157777786255,2.8583619594573975,3.591601610183716,4.2795305252075195,10.0,3.3435776233673096,-64.51595306396484,2,4,#aec7e8
2.7812068462371826,2.2037880420684814,4.015355587005615,2.7664496898651123,3.8004367351531982,12.0,23.705202102661133,-16.886777877807617,3,0,#ff7f0e
2.8642234802246094,2.1304478645324707,3.723823308944702,2.385831356048584,2.9695751667022705,103.0,-16.470897674560547,86.37883758544922,4,0,#ff7f0e
4.0260443687438965,3.2410075664520264,4.427148818969727,3.6554737091064453,3.6042566299438477,23.0,23.63465690612793,6.106895923614502,5,4,#aec7e8
3.7581307888031006,2.3496663570404053,2.4414966106414795,1.6246384382247925,2.104280948638916,7.0,-41.6611328125,20.087129592895508,6,2,#ffbb78
3.0653109550476074,1.5244686603546143,2.1909475326538086,1.9352638721466064,1.486647605895996,8.0,34.22299575805664,-48.79756164550781,7,2,#ffbb78
3.0543570518493652,2.5001115798950195,3.1797378063201904,2.678072929382324,2.6981987953186035,100.0,31.140518188476562,-32.3855094909668,8,0,#ff7f0e
3.121042013168335,0.9855776429176331,2.484255075454712,2.40718150138855,1.4855748414993286,12.0,-26.310041427612305,1.9776147603988647,9,2,#ffbb78
3.1345434188842773,2.8856399059295654,2.7195096015930176,2.614410638809204,2.5509114265441895,61.0,-14.687752723693848,-45.79285430908203,10,3,#1f77b4
4.306083679199219,2.1202292442321777,2.9006540775299072,2.4651057720184326,2.630007743835449,40.0,-41.573516845703125,69.35737609863281,11,2,#ffbb78
2.809450626373291,4.205630302429199,1.8630709648132324,1.8906749486923218,2.2986576557159424,22.0,-42.096561431884766,-1.7936878204345703,12,1,#2ca02c
3.9824202060699463,3.279031753540039,2.1854188442230225,4.386478900909424,2.3146185874938965,27.0,24.878259658813477,-73.48274993896484,13,3,#1f77b4
2.7458794116973877,2.2041711807250977,2.620285987854004,2.858459949493408,1.9958090782165527,15.0,21.937036514282227,-1.9969918727874756,14,3,#1f77b4
2.814979076385498,2.562565803527832,1.560742735862732,2.2762136459350586,1.4468477964401245,17.0,-67.27618408203125,53.25836944580078,15,3,#1f77b4
4.663386344909668,2.3867411613464355,1.652779221534729,2.292509078979492,1.8139482736587524,8.0,-25.05458641052246,37.49653244018555,16,2,#ffbb78
2.900430917739868,2.7775871753692627,2.519627809524536,2.7949090003967285,2.6143343448638916,47.0,30.8034610748291,-27.39267921447754,17,3,#1f77b4
2.9683239459991455,2.9253196716308594,5.211634159088135,2.3284049034118652,3.5561420917510986,24.0,-84.3512954711914,-4.643407821655273,18,0,#ff7f0e
3.9793314933776855,3.420072555541992,2.2925589084625244,2.8643851280212402,2.650928020477295,20.0,-32.103515625,-45.96074676513672,19,3,#1f77b4
2.6696832180023193,2.0938961505889893,4.318277835845947,1.9546843767166138,2.9921646118164062,14.0,17.13022804260254,2.476193904876709,20,0,#ff7f0e
4.282985210418701,3.1622023582458496,3.4224319458007812,2.484801769256592,1.9863982200622559,22.0,-46.11323547363281,-46.944053649902344,21,2,#ffbb78
4.528679370880127,1.8641935586929321,2.7602667808532715,2.8340299129486084,2.7708499431610107,10.0,3.7822718620300293,27.658519744873047,22,2,#ffbb78
2.796968698501587,2.621394157409668,2.4105005264282227,2.8300445079803467,2.7203123569488525,29.0,-16.444564819335938,-62.764591217041016,23,3,#1f77b4
2.791259288787842,2.2669498920440674,1.442500352859497,1.1689248085021973,2.0222420692443848,29.0,44.22537612915039,18.770671844482422,24,1,#2ca02c
2.844881772994995,2.4182870388031006,3.7124698162078857,2.3732147216796875,3.346754789352417,24.0,16.29654312133789,78.2788314819336,25,0,#ff7f0e
3.1279053688049316,2.218607187271118,3.8696436882019043,2.525667428970337,3.422879934310913,32.0,33.775753021240234,-18.797565460205078,26,0,#ff7f0e
3.5559091567993164,3.5431652069091797,2.199516773223877,2.1058738231658936,2.317349910736084,36.0,69.74657440185547,13.02476978302002,27,1,#2ca02c
3.764028310775757,2.632246255874634,2.210749387741089,3.0423696041107178,3.6253767013549805,39.0,39.508304595947266,-2.4496681690216064,28,3,#1f77b4
1.866249918937683,1.9853516817092896,2.3321282863616943,2.6864635944366455,4.174169063568115,45.0,-73.44664001464844,-27.173030853271484,29,4,#aec7e8
1.6555660963058472,1.4506808519363403,1.4474343061447144,2.0685017108917236,1.5797404050827026,121.0,-3.535512924194336,-28.042030334472656,30,3,#1f77b4
4.399570941925049,1.6872280836105347,2.1165995597839355,2.212897300720215,1.7765477895736694,13.0,-28.511411666870117,3.184938669204712,31,2,#ffbb78
2.576749324798584,3.3312110900878906,3.7530295848846436,2.0260608196258545,1.3076715469360352,16.0,-20.51592254638672,-36.52599334716797,32,1,#2ca02c
3.8175063133239746,2.8798983097076416,4.8226423263549805,2.7461488246917725,1.9479246139526367,51.0,6.284886837005615,51.553653717041016,33,0,#ff7f0e
3.4461774826049805,4.62153959274292,3.6942498683929443,2.857386589050293,4.012026786804199,12.0,48.32468795776367,22.210779190063477,34,1,#2ca02c
2.344003915786743,2.1294302940368652,3.4837727546691895,3.1283998489379883,3.7213940620422363,80.0,13.64006233215332,77.45942687988281,35,4,#aec7e8
3.0749709606170654,1.6572264432907104,2.7093989849090576,2.1573541164398193,1.5958538055419922,32.0,10.150697708129883,-18.712907791137695,36,2,#ffbb78
3.4544615745544434,2.9061312675476074,4.202587604522705,1.3593320846557617,1.405825138092041,25.0,-75.7375259399414,-0.6212490200996399,37,0,#ff7f0e
3.649630308151245,2.6072089672088623,3.8540360927581787,3.140501022338867,3.0271263122558594,48.0,38.79458236694336,48.69315719604492,38,0,#ff7f0e
2.460277557373047,1.722961187362671,2.64973783493042,2.8099019527435303,2.9999165534973145,33.0,50.26122283935547,-64.01359558105469,39,4,#aec7e8
0.987716019153595,1.9800729751586914,2.161757230758667,2.5016016960144043,1.194109320640564,12.0,-5.440938472747803,-23.07689666748047,40,4,#aec7e8
2.142784833908081,1.1378834247589111,2.5945751667022705,2.129560708999634,1.9803231954574585,6.0,-4.733914375305176,-12.82055950164795,41,0,#ff7f0e
3.0536482334136963,2.2182466983795166,1.4776421785354614,2.98140025138855,2.1842703819274902,41.0,30.726911544799805,-7.121267318725586,42,3,#1f77b4
2.5723814964294434,2.582657814025879,4.308719158172607,3.1481707096099854,2.4920613765716553,50.0,88.81756591796875,-5.397105693817139,43,0,#ff7f0e
4.170497417449951,3.249659538269043,1.8028559684753418,2.352238178253174,1.938999056816101,62.0,-62.55891036987305,45.46578598022461,44,3,#1f77b4
1.8520854711532593,1.570379614830017,3.9654440879821777,2.8104054927825928,2.547740936279297,19.0,46.65449142456055,-23.375621795654297,45,0,#ff7f0e
3.4619266986846924,2.3931515216827393,2.2504098415374756,2.2917065620422363,1.9748109579086304,14.0,-47.28839874267578,8.598383903503418,46,2,#ffbb78
2.186755657196045,2.9479458332061768,2.72481369972229,1.9775182008743286,2.913527250289917,6.0,15.25411319732666,-27.376508712768555,47,1,#2ca02c
3.265798330307007,2.6023237705230713,3.2520041465759277,2.7671797275543213,3.116295337677002,14.0,-4.533971786499023,31.676679611206055,48,0,#ff7f0e
1.7027521133422852,2.586500883102417,1.060986876487732,1.564799427986145,0.9711098074913025,19.0,-5.779791355133057,-34.060821533203125,49,1,#2ca02c
3.1562066078186035,2.3462915420532227,2.1864216327667236,2.5518527030944824,2.8446714878082275,69.0,59.75048065185547,-35.452125549316406,50,3,#1f77b4
3.487769365310669,2.8060355186462402,3.3667755126953125,3.1580753326416016,3.438199281692505,42.0,55.75577926635742,1.6621527671813965,51,4,#aec7e8
2.445096731185913,2.9180045127868652,4.763681888580322,3.2668447494506836,2.3811745643615723,39.0,15.630552291870117,42.30244064331055,52,0,#ff7f0e
2.971750259399414,2.2797701358795166,2.237504243850708,1.717233657836914,1.817800521850586,1.0,20.17201805114746,-42.38078689575195,53,2,#ffbb78
2.6281161308288574,2.4424967765808105,4.994875431060791,2.5777535438537598,3.132051706314087,20.0,42.969093322753906,-18.395462036132812,54,0,#ff7f0e
3.4856014251708984,2.746553659439087,2.7680814266204834,2.5267457962036133,2.7369384765625,23.0,65.08183288574219,40.99635696411133,55,3,#1f77b4
4.125829219818115,2.454531669616699,1.5860633850097656,3.004607677459717,2.8635528087615967,36.0,-32.84285354614258,33.90409851074219,56,3,#1f77b4
1.6966209411621094,1.5027265548706055,2.2190611362457275,1.3763498067855835,2.716369152069092,7.0,-5.40828800201416,-16.899829864501953,57,0,#ff7f0e
2.5900590419769287,2.739319324493408,4.181574821472168,2.444139242172241,3.6552298069000244,63.0,37.76554870605469,68.2801742553711,58,0,#ff7f0e
2.9482767581939697,2.9333086013793945,3.987419843673706,2.5895743370056152,4.04869270324707,12.0,32.28268814086914,74.93946075439453,59,0,#ff7f0e
4.735497951507568,4.810619831085205,2.8029561042785645,2.49462628364563,3.5765256881713867,18.0,-7.746798038482666,59.9810791015625,60,1,#2ca02c
3.1497020721435547,1.2092771530151367,2.4611809253692627,2.2777328491210938,2.2035858631134033,83.0,-8.979007720947266,9.479982376098633,61,2,#ffbb78
1.235605001449585,0.9986167550086975,1.492431879043579,2.515577554702759,1.8939391374588013,9.0,-6.513729095458984,-19.490211486816406,62,4,#aec7e8
2.8942558765411377,2.643253803253174,2.22118878364563,1.7282989025115967,1.8430986404418945,45.0,-35.39425277709961,-58.614051818847656,63,1,#2ca02c
2.663203477859497,2.2254223823547363,2.6830949783325195,2.4802591800689697,2.219162702560425,153.0,-3.19964861869812,-2.403330087661743,64,0,#ff7f0e
1.8382148742675781,1.4156558513641357,2.3124773502349854,2.4756054878234863,1.778260350227356,14.0,-19.179853439331055,-14.97465705871582,65,4,#aec7e8
4.632325172424316,2.5876710414886475,1.6807458400726318,2.3955750465393066,1.7949897050857544,13.0,-50.39844512939453,31.169328689575195,66,2,#ffbb78
0.36332061886787415,2.3605058193206787,2.9466257095336914,2.45546555519104,2.363736152648926,18.0,-31.89733123779297,-32.63981628417969,67,4,#aec7e8
2.6721057891845703,2.780259370803833,1.919535756111145,1.5882349014282227,2.0721232891082764,6.0,45.222537994384766,17.30668067932129,68,1,#2ca02c
3.2262656688690186,2.6107075214385986,2.81550931930542,2.9664764404296875,1.7277253866195679,21.0,51.09937286376953,23.712482452392578,69,3,#1f77b4
2.526566505432129,2.00093150138855,2.3289356231689453,2.223440170288086,2.7514641284942627,50.0,-49.75813293457031,-16.936521530151367,70,4,#aec7e8
2.3601267337799072,2.095122814178467,3.4569599628448486,2.6716482639312744,3.618032217025757,42.0,27.41184425354004,-37.74725341796875,71,4,#aec7e8
2.3945209980010986,2.2560648918151855,2.246798038482666,2.2669432163238525,4.178360462188721,37.0,-70.2396469116211,-33.65351104736328,72,4,#aec7e8
3.4386703968048096,1.957126259803772,3.2287681102752686,3.6619200706481934,3.985888719558716,63.0,7.637038230895996,-62.581581115722656,73,4,#aec7e8
2.5790069103240967,2.4376749992370605,2.7265310287475586,3.7899978160858154,2.705434560775757,24.0,-33.96940231323242,-22.35316276550293,74,4,#aec7e8
2.1485419273376465,2.916714668273926,4.13308048248291,3.1717348098754883,2.05478572845459,18.0,21.085695266723633,33.52229690551758,75,4,#aec7e8
3.4197514057159424,2.4673006534576416,2.3837890625,2.6911678314208984,2.2266311645507812,72.0,-14.143657684326172,25.1425724029541,76,3,#1f77b4
4.703392028808594,2.6038780212402344,5.005886077880859,4.016894817352295,4.553593158721924,33.0,32.79068374633789,13.104331970214844,77,4,#aec7e8
3.389988899230957,2.6907036304473877,3.774120569229126,3.284337282180786,2.944551944732666,32.0,50.24821472167969,35.720191955566406,78,4,#aec7e8
5.117722988128662,2.857032060623169,4.372009754180908,2.95932936668396,3.533064603805542,83.0,-17.50220489501953,47.91990280151367,79,2,#ffbb78
2.7565314769744873,2.6736552715301514,2.520352363586426,1.8462835550308228,1.4568787813186646,15.0,-2.369748115539551,-7.678900241851807,80,1,#2ca02c
2.470754623413086,2.6568148136138916,3.247541666030884,2.959874391555786,2.794158697128296,3.0,49.01498031616211,9.100117683410645,81,4,#aec7e8
4.301158428192139,2.6926486492156982,3.4702517986297607,3.2230348587036133,2.602130889892578,13.0,-32.57916259765625,17.790193557739258,82,2,#ffbb78
4.2469987869262695,1.8808834552764893,2.3978021144866943,3.2095255851745605,2.190528392791748,30.0,-32.30619430541992,65.3414306640625,83,2,#ffbb78
2.7759315967559814,2.988416910171509,2.9569766521453857,2.948735475540161,2.8411037921905518,53.0,38.60411834716797,-44.53071594238281,84,4,#aec7e8
4.226749897003174,3.4387426376342773,5.450875759124756,2.857300043106079,2.1394739151000977,24.0,10.45651912689209,57.187381744384766,85,0,#ff7f0e
2.595731019973755,2.366346597671509,3.2293813228607178,2.161771059036255,2.250263214111328,16.0,6.979991436004639,15.171079635620117,86,0,#ff7f0e
4.758469104766846,4.445437908172607,2.6285390853881836,2.2587013244628906,1.8572009801864624,45.0,-72.44625091552734,33.31258773803711,87,1,#2ca02c
1.848545789718628,2.983705759048462,3.587066888809204,3.6634199619293213,3.3703267574310303,13.0,11.014554977416992,-52.66493606567383,88,4,#aec7e8
1.2777196168899536,1.192899465560913,2.4035940170288086,1.9470689296722412,1.725165605545044,53.0,28.787906646728516,-29.139389038085938,89,0,#ff7f0e
3.170949935913086,1.74359929561615,4.147943019866943,4.063398361206055,4.67718505859375,19.0,2.0088748931884766,-68.99395751953125,90,4,#aec7e8
3.8525612354278564,4.589613914489746,2.2664005756378174,3.961641788482666,4.386263847351074,33.0,-7.713078498840332,-98.33488464355469,91,3,#1f77b4
2.1240975856781006,1.4240474700927734,3.0797648429870605,2.4624900817871094,2.1594796180725098,13.0,-20.257671356201172,-8.481340408325195,92,0,#ff7f0e
3.3437349796295166,2.456763744354248,4.692244052886963,2.92617130279541,2.418686628341675,55.0,25.23137855529785,21.940549850463867,93,0,#ff7f0e
3.117182970046997,2.657191753387451,2.0557096004486084,3.361703395843506,1.927919864654541,25.0,-16.94312858581543,-63.783626556396484,94,3,#1f77b4
3.6394784450531006,3.2680904865264893,4.27567720413208,2.1595442295074463,3.011833429336548,30.0,12.362272262573242,31.574993133544922,95,0,#ff7f0e
3.6915171146392822,2.8322083950042725,4.112219333648682,2.493013620376587,3.6667842864990234,29.0,-25.803871154785156,-39.912715911865234,96,0,#ff7f0e
4.266172885894775,1.7318869829177856,2.279125452041626,2.890889883041382,2.2921242713928223,19.0,-35.17103576660156,67.85614776611328,97,2,#ffbb78
2.7341830730438232,2.5403759479522705,2.0121734142303467,1.9131309986114502,1.8462498188018799,5.0,-67.81551361083984,54.354835510253906,98,1,#2ca02c
2.4396371841430664,2.3957722187042236,2.807965040206909,2.9744458198547363,3.011047840118408,27.0,48.79670333862305,-39.43683624267578,99,4,#aec7e8
3.979808807373047,1.8437434434890747,2.1680126190185547,2.327624797821045,1.9995665550231934,4.0,-40.790496826171875,68.41451263427734,100,2,#ffbb78
5.083094596862793,2.98056960105896,2.4823224544525146,2.921861171722412,2.148847818374634,26.0,-36.150333404541016,36.43186950683594,101,2,#ffbb78
3.8425612449645996,2.8244006633758545,2.556166172027588,2.9656474590301514,2.4750449657440186,43.0,-38.61659240722656,12.759489059448242,102,3,#1f77b4
3.602260112762451,2.2907814979553223,4.235908508300781,4.401251792907715,4.355653285980225,10.0,23.95872688293457,9.731306076049805,103,4,#aec7e8
2.8613364696502686,1.8988122940063477,2.505228042602539,2.4916985034942627,2.7409141063690186,28.0,31.016836166381836,-39.61914825439453,104,4,#aec7e8
1.3086411952972412,2.173811912536621,0.04721715301275253,2.9467344284057617,-0.017457159236073494,11.0,17.506179809570312,-51.680049896240234,105,3,#1f77b4
3.2759780883789062,2.8511390686035156,4.036124229431152,2.0668067932128906,3.1761932373046875,37.0,-6.9224443435668945,93.00406646728516,106,0,#ff7f0e
2.1128976345062256,1.7819323539733887,2.20035719871521,2.33651065826416,2.3572890758514404,52.0,27.619632720947266,-51.26526641845703,107,4,#aec7e8
2.8375837802886963,2.39046573638916,2.7031140327453613,2.116264820098877,2.254206418991089,45.0,-13.683449745178223,27.15845489501953,108,0,#ff7f0e
1.8947738409042358,0.8758451342582703,1.5695091485977173,2.997408151626587,2.458967447280884,3.0,35.881160736083984,-56.68973159790039,109,4,#aec7e8
2.9183216094970703,2.81986403465271,2.2479729652404785,2.292518138885498,2.217491865158081,31.0,47.65719223022461,16.928234100341797,110,3,#1f77b4
4.44719934463501,2.648813247680664,3.032625436782837,3.4218525886535645,3.3579771518707275,28.0,-22.109539031982422,-68.41378021240234,111,3,#1f77b4
3.5355005264282227,2.607235908508301,2.6283857822418213,2.075147867202759,3.137842893600464,9.0,10.648245811462402,-9.02787971496582,112,0,#ff7f0e
2.267730474472046,1.7991862297058105,1.9634630680084229,2.114034652709961,2.226942539215088,66.0,13.951166152954102,-47.070125579833984,113,4,#aec7e8
2.7252728939056396,2.234269142150879,1.415562629699707,2.2200300693511963,1.8226972818374634,33.0,4.271413326263428,-18.4056453704834,114,3,#1f77b4
5.2108154296875,4.127060890197754,1.7386970520019531,4.228428840637207,2.3368911743164062,2.0,22.8448543548584,-77.57600402832031,115,3,#1f77b4
1.3007487058639526,2.4253036975860596,3.0251216888427734,2.322803497314453,3.188559055328369,25.0,17.282373428344727,-12.16209602355957,116,4,#aec7e8
3.995182514190674,2.9096922874450684,1.895377278327942,2.7421233654022217,3.1447439193725586,43.0,40.45663833618164,3.5103609561920166,117,3,#1f77b4
2.535630702972412,3.019477605819702,4.350644588470459,2.957599639892578,2.664327383041382,12.0,20.26185417175293,33.62856674194336,118,0,#ff7f0e
4.025081157684326,2.1603269577026367,2.9171130657196045,2.1842639446258545,1.939557433128357,12.0,-30.527769088745117,13.982463836669922,119,2,#ffbb78
4.536657810211182,1.9501694440841675,3.105820894241333,2.010737657546997,1.7772780656814575,3.0,43.360504150390625,-37.6707649230957,120,2,#ffbb78
2.1596920490264893,2.03658390045166,3.143458604812622,2.684114694595337,3.5515220165252686,15.0,27.64640235900879,-48.74561309814453,121,4,#aec7e8
4.131107807159424,3.3567299842834473,2.364475965499878,2.6762349605560303,2.3349061012268066,40.0,-42.563133239746094,-43.59782409667969,122,3,#1f77b4
2.3311679363250732,2.232755184173584,1.9776606559753418,2.2959723472595215,2.4391355514526367,106.0,2.0385706424713135,-37.89958572387695,123,3,#1f77b4
2.1232290267944336,1.870500087738037,2.620190143585205,2.545344114303589,2.244410514831543,12.0,-3.9285223484039307,1.8025633096694946,124,4,#aec7e8
3.915480613708496,5.180962562561035,3.6063668727874756,2.2301554679870605,2.189946174621582,9.0,-24.536788940429688,25.41897964477539,125,1,#2ca02c
1.1349774599075317,2.5913424491882324,3.1566531658172607,3.3774285316467285,2.984677314758301,13.0,-14.067488670349121,-49.393882751464844,126,4,#aec7e8
3.6641316413879395,2.4802889823913574,2.515960693359375,2.0739481449127197,2.581998109817505,5.0,-8.4794282913208,13.11976432800293,127,2,#ffbb78
3.5526375770568848,2.628650188446045,2.5061280727386475,2.6495652198791504,3.137543201446533,5.0,-15.72179889678955,1.083742618560791,128,3,#1f77b4
3.967282295227051,4.71439790725708,2.453669548034668,2.16538143157959,2.0736804008483887,26.0,57.34156036376953,17.416807174682617,129,1,#2ca02c
-0.31719666719436646,1.7332464456558228,1.6537230014801025,2.174382209777832,2.0341575145721436,1.0,16.43824005126953,-22.652599334716797,130,4,#aec7e8
2.023815155029297,1.8219356536865234,2.4066553115844727,2.5395102500915527,4.0196213722229,20.0,-34.243778228759766,-9.131814956665039,131,4,#aec7e8
3.4963390827178955,3.5636892318725586,3.5466206073760986,2.5657124519348145,3.0320022106170654,18.0,-12.237037658691406,28.917484283447266,132,1,#2ca02c
3.862337350845337,2.4329938888549805,4.0995259284973145,3.233579158782959,3.2385499477386475,22.0,-9.209549903869629,42.08822250366211,133,0,#ff7f0e
2.4065425395965576,2.841330051422119,3.1235318183898926,2.8565165996551514,2.6869757175445557,14.0,-9.929245948791504,-49.809471130371094,134,4,#aec7e8
3.6377053260803223,4.035539627075195,2.3949384689331055,3.158029556274414,4.43436336517334,35.0,-12.209193229675293,-96.00013732910156,135,3,#1f77b4
0.3699043393135071,1.9777798652648926,1.3009693622589111,1.3466743230819702,1.9165135622024536,2.0,-13.21505355834961,-40.37283706665039,136,1,#2ca02c
1.9795775413513184,1.5111838579177856,3.295750379562378,2.2762515544891357,1.2318048477172852,27.0,11.382637977600098,0.8717129826545715,137,0,#ff7f0e
4.217761039733887,3.2928905487060547,2.39894700050354,2.811979055404663,4.522505760192871,27.0,-15.053825378417969,-95.77859497070312,138,3,#1f77b4
1.253458023071289,1.5023590326309204,2.085578441619873,1.997179388999939,1.6553465127944946,16.0,4.018601894378662,-43.10407257080078,139,4,#aec7e8
3.174211025238037,2.4507908821105957,3.7476367950439453,2.8433611392974854,2.9475414752960205,40.0,40.87404251098633,27.630096435546875,140,0,#ff7f0e
2.6650192737579346,4.514634132385254,3.089580535888672,2.6627018451690674,2.7506189346313477,11.0,-38.993839263916016,-2.426664113998413,141,1,#2ca02c
2.76119327545166,2.6661808490753174,3.152949094772339,2.5188052654266357,2.9726288318634033,42.0,28.69622230529785,29.7025146484375,142,0,#ff7f0e
2.705418586730957,2.251678228378296,3.6001079082489014,2.381319761276245,2.6212174892425537,9.0,-30.989057540893555,5.976771831512451,143,0,#ff7f0e
3.898737907409668,2.8599693775177,2.469691753387451,2.578801393508911,2.1309635639190674,42.0,-39.141292572021484,12.056816101074219,144,3,#1f77b4
2.769073009490967,2.5369668006896973,2.5957348346710205,2.4454596042633057,2.655588150024414,37.0,19.492984771728516,-44.571876525878906,145,3,#1f77b4
4.2533440589904785,3.191951036453247,2.1794776916503906,2.532062530517578,2.278320550918579,10.0,-61.294830322265625,20.426952362060547,146,3,#1f77b4
4.145199298858643,3.0269737243652344,2.424487352371216,2.4380760192871094,2.2181930541992188,7.0,-2.9419620037078857,18.5205135345459,147,3,#1f77b4
3.96590256690979,3.1599512100219727,4.378467559814453,3.0690813064575195,4.559627056121826,3.0,27.390817642211914,-28.858476638793945,148,0,#ff7f0e
3.3896446228027344,2.668184757232666,2.848778486251831,2.855193853378296,2.985743761062622,94.0,32.510948181152344,-17.167043685913086,149,3,#1f77b4
4.08305025100708,2.640038013458252,3.584167003631592,2.0545473098754883,2.2890419960021973,13.0,-50.89621353149414,20.200551986694336,150,2,#ffbb78
3.740593910217285,2.0721435546875,2.219141960144043,2.5858399868011475,2.4463307857513428,30.0,-23.055736541748047,-63.56142807006836,151,2,#ffbb78
2.571553945541382,4.229621410369873,2.4662113189697266,2.8891196250915527,3.361299753189087,28.0,-31.884197235107422,2.0157065391540527,152,1,#2ca02c
3.6909756660461426,1.7198721170425415,3.170072078704834,3.4557693004608154,3.1972780227661133,20.0,-4.029003620147705,25.385318756103516,153,4,#aec7e8
1.8587217330932617,1.224074125289917,1.5588006973266602,3.0071206092834473,2.392693042755127,19.0,38.126773834228516,-55.59508514404297,154,4,#aec7e8
2.499335527420044,1.902100920677185,2.183958053588867,2.2644693851470947,1.8637384176254272,51.0,2.778742790222168,-28.8557071685791,155,3,#1f77b4
2.3595285415649414,2.1286818981170654,3.141314744949341,2.8369193077087402,3.8418984413146973,29.0,47.0595703125,-42.884883880615234,156,4,#aec7e8
1.5233222246170044,1.3284530639648438,2.810680866241455,2.570573091506958,1.868003487586975,31.0,-14.289308547973633,-21.11195945739746,157,4,#aec7e8
2.058814287185669,3.7716526985168457,2.9786453247070312,2.1154589653015137,1.9111859798431396,5.0,-30.15372085571289,-5.400619029998779,158,1,#2ca02c
2.897770881652832,2.2112011909484863,4.335086345672607,3.350738525390625,4.455248832702637,4.0,25.947040557861328,-12.364215850830078,159,4,#aec7e8
2.3004932403564453,2.156846523284912,2.466076612472534,2.2646121978759766,2.2666633129119873,148.0,-17.301725387573242,-9.595266342163086,160,0,#ff7f0e
3.831148862838745,4.777879238128662,2.3612723350524902,3.625931978225708,4.267879486083984,8.0,-6.965317249298096,-100.20726013183594,161,3,#1f77b4
2.7193877696990967,1.8528152704238892,1.8256216049194336,2.5892860889434814,2.0746963024139404,10.0,-34.195499420166016,13.762388229370117,162,3,#1f77b4
3.3842549324035645,2.8213446140289307,1.6750670671463013,2.185796022415161,2.335953712463379,18.0,-17.958770751953125,0.8292716145515442,163,3,#1f77b4
3.878147840499878,2.3535938262939453,3.2422034740448,3.402696371078491,2.728116035461426,8.0,-1.327778697013855,25.63809585571289,164,3,#1f77b4
2.5462145805358887,2.260840892791748,1.9860936403274536,1.8883750438690186,3.5174319744110107,34.0,-70.41434478759766,-29.543493270874023,165,4,#aec7e8
1.6055219173431396,1.706292748451233,1.8956900835037231,2.332085371017456,2.2495555877685547,91.0,21.175628662109375,-56.99132537841797,166,4,#aec7e8
2.281447649002075,2.1624672412872314,2.39863920211792,2.599480628967285,3.1546921730041504,17.0,52.450439453125,-45.764678955078125,167,4,#aec7e8
2.5794742107391357,2.0776612758636475,3.12553334236145,3.0353634357452393,2.6259284019470215,24.0,56.47197341918945,-31.275339126586914,168,4,#aec7e8
3.6112136840820312,2.3135597705841064,2.963719129562378,3.1940155029296875,3.2325057983398438,19.0,5.561506271362305,11.816333770751953,169,4,#aec7e8
2.3722352981567383,2.6075439453125,2.0680859088897705,2.597853183746338,2.7257003784179688,5.0,-37.01736831665039,3.815758228302002,170,3,#1f77b4
2.7325239181518555,2.1737565994262695,3.0174994468688965,2.206425189971924,1.8643587827682495,47.0,-17.4667911529541,-4.502430438995361,171,0,#ff7f0e
2.8693668842315674,2.9175822734832764,2.5466930866241455,3.1924872398376465,2.578911781311035,10.0,-2.4434945583343506,-49.97066116333008,172,3,#1f77b4
3.540832042694092,2.6466329097747803,2.5016696453094482,2.5201234817504883,2.2736032009124756,37.0,-42.23060607910156,17.837862014770508,173,3,#1f77b4
2.9781711101531982,2.420942544937134,2.884089946746826,2.203036308288574,2.419382095336914,54.0,-52.42038345336914,-15.87092399597168,174,0,#ff7f0e
4.191103458404541,3.6409506797790527,2.199842691421509,1.9819660186767578,2.123556613922119,47.0,-67.77165222167969,47.45534133911133,175,1,#2ca02c
3.003485679626465,2.1456098556518555,2.055677890777588,2.841862440109253,1.3851500749588013,23.0,-5.4182820320129395,-5.908015251159668,176,3,#1f77b4
2.428642749786377,3.4739022254943848,1.9566415548324585,2.3773226737976074,1.9172871112823486,5.0,5.063986301422119,-30.02203369140625,177,1,#2ca02c
2.9812159538269043,2.540074586868286,3.6476058959960938,2.9524450302124023,3.211303234100342,141.0,11.882641792297363,82.55089569091797,178,4,#aec7e8
0.28336140513420105,2.7229034900665283,2.6583919525146484,2.5096001625061035,2.265364170074463,19.0,-36.7037353515625,-33.39756393432617,179,4,#aec7e8
2.8927931785583496,2.3236565589904785,3.443942070007324,2.5324554443359375,2.1122145652770996,71.0,15.5095853805542,14.25703239440918,180,0,#ff7f0e
3.469419240951538,2.280000925064087,3.5539910793304443,2.963423013687134,2.5325071811676025,11.0,-4.529184341430664,42.75632095336914,181,0,#ff7f0e
1.2965977191925049,2.044461727142334,3.9806275367736816,2.358398675918579,2.3265607357025146,4.0,48.84019470214844,-22.179174423217773,182,0,#ff7f0e
4.781832218170166,2.3019750118255615,4.12019681930542,1.978462815284729,2.2338783740997314,18.0,-37.7922477722168,44.15232849121094,183,2,#ffbb78
3.845306158065796,3.1060547828674316,1.4522761106491089,1.9296847581863403,1.269762635231018,15.0,-57.97442626953125,36.60615539550781,184,1,#2ca02c
2.1587395668029785,3.602128267288208,1.8809653520584106,1.5981563329696655,1.481523036956787,2.0,-7.314894676208496,-0.6627047657966614,185,1,#2ca02c
4.098332405090332,2.943523406982422,2.1601712703704834,2.8490188121795654,2.063540458679199,66.0,58.71403121948242,31.89012908935547,186,3,#1f77b4
2.4393842220306396,2.295030355453491,2.199242353439331,2.531865358352661,2.883021354675293,15.0,63.491634368896484,-38.286563873291016,187,4,#aec7e8
5.605897426605225,3.1260390281677246,2.1417253017425537,4.2999773025512695,2.586503267288208,11.0,23.014881134033203,-76.92477416992188,188,3,#1f77b4
2.92956280708313,2.682433843612671,4.507967472076416,2.012035608291626,2.8092658519744873,39.0,42.73910140991211,-9.052023887634277,189,0,#ff7f0e
2.936716318130493,2.5691816806793213,2.9915709495544434,3.4053845405578613,3.005309820175171,27.0,-5.7078399658203125,34.7027473449707,190,4,#aec7e8
3.5214011669158936,1.9647128582000732,4.337584495544434,2.848194122314453,3.7687366008758545,10.0,-19.068748474121094,15.012272834777832,191,0,#ff7f0e
3.2532119750976562,2.209111452102661,1.7452129125595093,2.906346082687378,2.061279058456421,28.0,-24.82124900817871,63.92369842529297,192,3,#1f77b4
3.4151666164398193,2.934481382369995,3.1214253902435303,2.4785845279693604,2.3354434967041016,158.0,-23.069997787475586,21.603487014770508,193,0,#ff7f0e
4.002957344055176,3.4771766662597656,2.8278887271881104,2.908489227294922,2.9432389736175537,7.0,-30.841388702392578,-47.82707595825195,194,3,#1f77b4
3.451328992843628,2.1716558933258057,2.5610742568969727,1.7134430408477783,2.048187017440796,27.0,-64.28984069824219,17.792116165161133,195,2,#ffbb78
3.0559134483337402,3.7666778564453125,2.8855936527252197,3.0496697425842285,3.2222325801849365,28.0,59.89775466918945,7.253610134124756,196,3,#1f77b4
3.4829366207122803,2.6940104961395264,2.6467249393463135,2.474156379699707,2.296400785446167,18.0,-40.240474700927734,12.692363739013672,197,3,#1f77b4
2.7761499881744385,2.0109827518463135,1.9270848035812378,1.4844298362731934,2.157416343688965,11.0,-54.96470642089844,-15.368804931640625,198,0,#ff7f0e
2.6023476123809814,2.8874850273132324,4.280495643615723,2.2922770977020264,3.8099184036254883,25.0,42.75825500488281,68.63442993164062,199,0,#ff7f0e
3.9277403354644775,1.7673068046569824,2.841602325439453,2.6240639686584473,1.9386261701583862,15.0,42.64726257324219,-36.97359848022461,200,2,#ffbb78
1.9697552919387817,1.7466087341308594,1.3635890483856201,2.4105870723724365,1.7206344604492188,2.0,12.127500534057617,-17.637035369873047,201,3,#1f77b4
3.9111897945404053,3.9200170040130615,2.0309178829193115,3.3664352893829346,3.510035753250122,50.0,-6.712982654571533,-91.35324096679688,202,3,#1f77b4
2.379225254058838,2.0227575302124023,3.8569929599761963,2.3233516216278076,2.339733362197876,23.0,-6.620456695556641,-3.589082717895508,203,0,#ff7f0e
3.803273916244507,3.2153160572052,4.770512580871582,1.5990129709243774,2.7856037616729736,34.0,-80.79898834228516,-2.4749348163604736,204,0,#ff7f0e
3.9853925704956055,1.878250241279602,1.4780751466751099,2.769040822982788,2.4237782955169678,1.0,-25.236499786376953,63.886375427246094,205,3,#1f77b4
3.611927032470703,2.4032516479492188,2.485440254211426,2.7702770233154297,2.36628794670105,98.0,-49.7366828918457,18.043251037597656,206,3,#1f77b4
2.5136263370513916,2.3921077251434326,2.927839994430542,2.7058801651000977,0.9884864091873169,1.0,-5.360859394073486,-18.017715454101562,207,3,#1f77b4
2.464611768722534,2.845475912094116,5.218038558959961,2.6109790802001953,3.4430243968963623,19.0,-86.64263916015625,-8.634511947631836,208,0,#ff7f0e
2.042015552520752,2.3150641918182373,4.224425792694092,3.376814365386963,2.6708102226257324,21.0,90.15406036376953,-6.164278984069824,209,4,#aec7e8
4.802577972412109,2.671964645385742,2.415727376937866,2.38090181350708,2.0879502296447754,2.0,-60.18573760986328,22.02495765686035,210,2,#ffbb78
3.729996919631958,2.772139072418213,3.1142001152038574,3.0149471759796143,2.601376533508301,52.0,-27.853370666503906,10.073517799377441,211,3,#1f77b4
4.780888080596924,3.8489794731140137,3.124600887298584,2.8933298587799072,3.1171040534973145,15.0,-48.20481872558594,24.601655960083008,212,3,#1f77b4
3.5891239643096924,2.016906499862671,2.94030499458313,2.8805832862854004,3.0669782161712646,7.0,-18.438884735107422,-71.15011596679688,213,4,#aec7e8
2.855024576187134,2.2017743587493896,2.9845046997070312,3.0943763256073,2.8126723766326904,19.0,-2.7849178314208984,-20.97379493713379,214,4,#aec7e8
